variant_id	gene_symbol	pos	rsids	transcript_id	transcript_version	hgvs	hgvsp	consequence	joint_ac	joint_ac_hemizygote_count	joint_ac_homozygote_count	joint_an	joint_afr_ac	joint_afr_an	joint_afr_ac_hemizygote_count	joint_afr_ac_homozygote_count	joint_amr_ac	joint_amr_an	joint_amr_ac_hemizygote_count	joint_amr_ac_homozygote_count	joint_asj_ac	joint_asj_an	joint_asj_ac_hemizygote_count	joint_asj_ac_homozygote_count	joint_eas_ac	joint_eas_an	joint_eas_ac_hemizygote_count	joint_eas_ac_homozygote_count	joint_nfe_ac	joint_nfe_an	joint_nfe_ac_hemizygote_count	joint_nfe_ac_homozygote_count	joint_fin_ac	joint_fin_an	joint_fin_ac_hemizygote_count	joint_fin_ac_homozygote_count	joint_mid_ac	joint_mid_an	joint_mid_ac_hemizygote_count	joint_mid_ac_homozygote_count	joint_sas_ac	joint_sas_an	joint_sas_ac_hemizygote_count	joint_sas_ac_homozygote_count	joint_ami_ac	joint_ami_an	joint_ami_ac_hemizygote_count	joint_ami_ac_homozygote_count	joint_remaining_ac	joint_remaining_an	joint_remaining_ac_hemizygote_count	joint_remaining_ac_homozygote_count
10-72508254-G-A	MICU1	72508254	rs755651388	ENST00000361114	10	c.553C>T	p.Arg185Ter	stop_gained	36	0	0	1506930	0	73644	0	0	0	56016	0	0	0	27228	0	0	0	43062	0	0	32	1109806	0	0	0	59562	0	0	0	5672	0	0	3	73596	0	0	0	912	0	0	1	57432	0	0
11-64751620-G-A	PYGM	64751620	rs750195683	ENST00000164139	4	c.1804C>T	p.Arg602Trp	missense_variant	24	0	0	1613992	0	75046	0	0	1	60016	0	0	0	29608	0	0	1	44886	0	0	12	1179918	0	0	0	63978	0	0	0	6062	0	0	6	91080	0	0	0	912	0	0	4	62486	0	0
1-25802075-C-T	SELENON	25802075	rs2047865748	ENST00000361547	7	c.361C>T	p.Gln121Ter	stop_gained	0	0	0	311406	0	45086	0	0	0	30242	0	0	0	9436	0	0	0	8000	0	0	0	150274	0	0	0	17764	0	0	0	1134	0	0	0	39034	0	0	0	912	0	0	0	9524	0	0
1-25811791-TTG-T	SELENON	25811791	rs1258790114	ENST00000361547	7	c.1197_1198del	p.Phe400Ter	frameshift_variant	3	0	0	1590076	0	74638	0	0	0	55126	0	0	0	29058	0	0	0	44010	0	0	3	1168534	0	0	0	62334	0	0	0	6042	0	0	0	87756	0	0	0	912	0	0	0	61666	0	0
1-53202427-C-T	CPT2	53202427	rs74315294	ENST00000371486	4	c.338C>T	p.Ser113Leu	missense_variant	2697	0	8	1611988	25	75010	0	0	48	60016	0	0	273	29586	0	3	13	44872	0	0	2197	1178070	0	5	10	64024	0	0	4	6058	0	0	26	91012	0	0	0	912	0	0	101	62428	0	0
1-53210194-G-A	CPT2	53210194	rs28936674	ENST00000371486	4	c.520G>A	p.Glu174Lys	missense_variant	14	0	0	1614070	0	74918	0	0	0	59998	0	0	0	29608	0	0	14	44884	0	0	0	1180050	0	0	0	64040	0	0	0	6084	0	0	0	91088	0	0	0	912	0	0	0	62488	0	0
15-42394325-G-A	CAPN3	42394325	rs767106920	ENST00000397163	8	c.1099G>A	p.Gly367Ser	missense_variant	40	0	0	1560702	0	73798	0	0	3	51998	0	0	0	28708	0	0	1	41786	0	0	12	1151750	0	0	0	60558	0	0	0	6006	0	0	23	84620	0	0	0	912	0	0	1	60566	0	0
15-42401752-G-A	CAPN3	42401752	rs147764579	ENST00000397163	8	c.1466G>A	p.Arg489Gln	missense_variant	92	0	0	1613902	28	74900	0	0	2	59994	0	0	0	29604	0	0	0	44856	0	0	39	1179962	0	0	1	64032	0	0	4	6082	0	0	1	91080	0	0	0	912	0	0	17	62480	0	0
15-42410958-G-C	CAPN3	42410958	rs778768583	ENST00000397163	8	c.2338G>C	p.Asp780His	missense_variant	6	0	0	1614196	0	75052	0	0	0	60026	0	0	0	29608	0	0	0	44890	0	0	1	1180012	0	0	0	64044	0	0	0	6062	0	0	5	91080	0	0	0	912	0	0	0	62510	0	0
15-89320857-G-A	POLG	89320857	rs201477273	ENST00000268124	11	c.2890C>T	p.Arg964Cys	missense_variant	392	0	1	1613906	2	75038	0	0	2	60020	0	0	0	29608	0	0	294	44874	0	1	7	1180010	0	0	0	63804	0	0	1	6060	0	0	35	91078	0	0	0	912	0	0	51	62502	0	0
15-89321782-G-T	POLG	89321782	rs765339802	ENST00000268124	11	c.2552C>A	p.Thr851Asn	missense_variant	1	0	0	1614160	0	75058	0	0	0	60034	0	0	0	29606	0	0	0	44876	0	0	0	1180010	0	0	0	64032	0	0	0	6058	0	0	1	91078	0	0	0	910	0	0	0	62498	0	0
15-89325639-G-A	POLG	89325639	rs113994096	ENST00000268124	11	c.1760C>T	p.Pro587Leu	missense_variant	3201	0	2	1612514	30	75044	0	0	54	60032	0	0	46	29608	0	0	0	44882	0	0	2884	1179992	0	1	34	62404	0	0	10	6062	0	1	33	91084	0	0	3	912	0	0	107	62494	0	0
15-89325679-G-A	POLG	89325679	rs774474723	ENST00000268124	11	c.1720C>T	p.Arg574Trp	missense_variant	13	0	0	1605794	1	74876	0	0	0	59998	0	0	0	29598	0	0	0	44880	0	0	7	1178830	0	0	1	57148	0	0	0	6084	0	0	1	91066	0	0	0	912	0	0	3	62402	0	0
17-7223136-G-T	ACADVL	7223136	rs1331739604	ENST00000356839	10	c.1081G>T	p.Asp361Tyr	missense_variant	10	0	0	1612760	0	75016	0	0	0	60032	0	0	0	29602	0	0	0	44870	0	0	0	1178794	0	0	0	64004	0	0	0	6024	0	0	10	91054	0	0	0	912	0	0	0	62452	0	0
17-80104851-C-T	GAA	80104851	rs534192892	ENST00000302262	8	c.265C>T	p.Arg89Cys	missense_variant	193	0	0	1612996	0	75056	0	0	2	60008	0	0	0	29592	0	0	1	44866	0	0	37	1179932	0	0	0	63022	0	0	0	6060	0	0	146	91056	0	0	0	912	0	0	7	62492	0	0
17-80104909-G-A	GAA	80104909	rs2039038796	ENST00000302262	8	c.323G>A	p.Cys108Tyr	missense_variant	1	0	0	1612494	0	75052	0	0	0	59990	0	0	0	29598	0	0	0	44846	0	0	0	1179786	0	0	0	62746	0	0	0	6060	0	0	1	91034	0	0	0	910	0	0	0	62472	0	0
17-80113344-G-A	GAA	80113344	rs767247397	ENST00000302262	8	c.2167G>A	p.Val723Met	missense_variant	3	0	0	1588950	0	74664	0	0	0	57364	0	0	0	28916	0	0	0	43712	0	0	3	1166758	0	0	0	61814	0	0	0	6012	0	0	0	87416	0	0	0	912	0	0	0	61382	0	0
19-38455462-C-T	RYR1	38455462	rs757399861	ENST00000359596	8	c.1588C>T	p.Arg530Cys	missense_variant	30	0	0	1614038	0	74904	0	0	0	59994	0	0	1	29606	0	0	2	44896	0	0	11	1180040	0	0	0	64040	0	0	0	6084	0	0	13	91078	0	0	0	912	0	0	3	62484	0	0
19-38469078-G-A	RYR1	38469078	rs559581937	ENST00000359596	8	c.3494G>A	p.Gly1165Asp	missense_variant	12	0	0	1614146	0	75036	0	0	0	60006	0	0	0	29606	0	0	0	44866	0	0	0	1180034	0	0	0	64030	0	0	0	6062	0	0	11	91086	0	0	0	912	0	0	1	62508	0	0
19-38499975-G-A	RYR1	38499975	rs193922809	ENST00000359596	8	c.7282G>A	p.Ala2428Thr	missense_variant	20	0	0	1613982	1	74914	0	0	0	60004	0	0	0	29604	0	0	0	44884	0	0	16	1179994	0	0	0	64012	0	0	1	6084	0	0	2	91090	0	0	0	910	0	0	0	62486	0	0
2-11713786-C-T	LPIN1	11713786	rs1045981024	ENST00000449576	6	c.112C>T	p.Arg38Ter	stop_gained	15	0	0	1523680	2	72888	0	0	1	50796	0	0	0	28580	0	0	0	40878	0	0	11	1136446	0	0	0	44048	0	0	0	5980	0	0	1	83542	0	0	0	912	0	0	0	59610	0	0
2-11771478-AC-A	LPIN1	11771478	rs776722005	ENST00000674199	1	c.399del	p.Ser134AlafsTer6	frameshift_variant	4	0	0	1614134	0	75044	0	0	0	60012	0	0	0	29608	0	0	0	44878	0	0	0	1180008	0	0	0	64022	0	0	0	6062	0	0	4	91080	0	0	0	912	0	0	0	62508	0	0
2-71515752-G-A	DYSF	71515752	rs886044377	ENST00000410020	8	c.888+1G>A	NA	splice_donor_variant	1	0	0	1614150	0	75048	0	0	0	60026	0	0	0	29606	0	0	0	44868	0	0	1	1180028	0	0	0	64010	0	0	0	6060	0	0	0	91082	0	0	0	910	0	0	0	62512	0	0
2-71611483-C-T	DYSF	71611483	rs199870606	ENST00000410020	8	c.4078C>T	p.Arg1360Trp	missense_variant	163	0	0	1614092	0	75032	0	0	2	60022	0	0	0	29602	0	0	1	44868	0	0	125	1180022	0	0	3	63982	0	0	0	6062	0	0	25	91078	0	0	0	912	0	0	7	62512	0	0
3-148996826-G-A	GYG1	148996826	rs566956486	ENST00000345003	9	c.403G>A	p.Gly135Arg	missense_variant	40	0	0	1612774	0	75014	0	0	0	60016	0	0	0	29600	0	0	2	44878	0	0	35	1178766	0	0	1	64018	0	0	0	6062	0	0	2	91052	0	0	0	912	0	0	0	62456	0	0
3-43080674-G-A	POMGNT2	43080674	rs374042455	ENST00000344697	3	c.758C>T	p.Pro253Leu	missense_variant	20	0	0	1614176	0	75036	0	0	0	60024	0	0	0	29606	0	0	9	44880	0	0	9	1180044	0	0	0	64018	0	0	0	6062	0	0	0	91086	0	0	0	912	0	0	2	62508	0	0
4-183679485-C-T	TRAPPC11	183679485	rs1483190866	ENST00000334690	11	c.964C>T	p.Gln322Ter	stop_gained	3	0	0	1602846	0	74380	0	0	0	57474	0	0	0	29264	0	0	0	44572	0	0	0	1176004	0	0	0	63418	0	0	0	6030	0	0	3	88700	0	0	0	910	0	0	0	62094	0	0
4-52028807-T-G	SGCB	52028807	rs751427686	ENST00000381431	10	c.544A>C	p.Thr182Pro	missense_variant	7	0	0	1613750	0	75034	0	0	0	60020	0	0	0	29598	0	0	0	44864	0	0	0	1179678	0	0	0	64026	0	0	0	6058	0	0	7	91072	0	0	0	910	0	0	0	62490	0	0
4-52038237-G-GCCGCCGCCGCCGCTGCCGCCATCTTCCCGCGC	SGCB	52038237	rs1553940963	ENST00000381431	10	c.-10_22dup	p.Ala8GlyfsTer22	frameshift_variant	97	0	0	1265076	6	64488	0	0	0	31234	0	0	0	19562	0	0	0	29164	0	0	91	999912	0	0	0	32936	0	0	0	3328	0	0	0	37410	0	0	0	908	0	0	0	46134	0	0
6-129252243-AAG-A	LAMA2	129252243	rs202247790	ENST00000421865	3	c.2049_2050del	p.Arg683SerfsTer21	frameshift_variant	234	0	0	1613960	7	74922	0	0	5	60008	0	0	1	29600	0	0	2	44876	0	0	211	1179968	0	0	1	64018	0	0	0	6084	0	0	1	91088	0	0	0	912	0	0	6	62484	0	0
6-129316041-G-T	LAMA2	129316041	rs755643402	ENST00000421865	3	c.3928G>T	p.Glu1310Ter	stop_gained	2	0	0	1614080	0	75030	0	0	0	60012	0	0	0	29604	0	0	0	44872	0	0	1	1179986	0	0	0	64026	0	0	0	6058	0	0	1	91076	0	0	0	912	0	0	0	62504	0	0
8-143927317-C-A	PLEC	143927317	rs782555191	ENST00000345136	8	c.3775G>T	p.Glu1259Ter	stop_gained	0	0	0	1613140	0	75060	0	0	0	60032	0	0	0	29598	0	0	0	44880	0	0	0	1179928	0	0	0	63098	0	0	0	6062	0	0	0	91084	0	0	0	912	0	0	0	62486	0	0
9-105596631-C-T	FKTN	105596631	rs119463990	ENST00000357998	10	c.139C>T	p.Arg47Ter	stop_gained	14	0	0	1612354	0	74786	0	0	2	59982	0	0	0	29576	0	0	6	44852	0	0	3	1178922	0	0	0	63952	0	0	0	5928	0	0	1	91020	0	0	0	910	0	0	2	62426	0	0
9-131512069-C-T	POMT1	131512069	rs756973046	ENST00000402686	8	c.1015C>T	p.Gln339Ter	stop_gained	4	0	0	1614130	0	75036	0	0	0	60014	0	0	0	29606	0	0	0	44866	0	0	0	1180016	0	0	0	64030	0	0	0	6062	0	0	4	91080	0	0	0	912	0	0	0	62508	0	0
X-30719508-G-A	GK	30719508	rs753857355	ENST00000427190	6	c.1144G>A	p.Ala382Thr	missense_variant	1	1	0	1142582	0	56562	0	0	0	45863	0	0	0	21562	0	0	0	33548	0	0	0	833126	0	0	0	46747	0	0	0	4129	0	0	1	54915	1	0	0	687	0	0	0	45443	0	0
